Title,Type
"how to remove jquery filter from function","function"
"Refactoring Scala to use search functions as arguments results in Option[Any] issue","function"
"Use outside variables inside a TypeScript function.","function"
"Overriding C++ STL allocator function to wrap it as threadsafe","function"
"PHP strstr() function replacement","function"
"Javascript function returns false when it should be true from an if statement?","function"
"Julia pass optional parameter to inner function call","function"
"How to use envi setup head function?","function"
"Including the class name in function call","function"
"How to define a route for a link to go to destroy() function in Laravel 4?","function"
"jquery keypress function with multiple input with same id","function"
"JavaScript Closure and Invocation of function with two parens","function"
"Typescript definition file d.ts function optional properties","function"
"in_array function not working as expected","function"
"Print a function name within a function","function"
"Why is it bad practice to have a click function inside a click function jQuery","function"
"how to add javascript function to html tag?","function"
"passing a function to replace with regex with match as arg","function"
"YII2 create function doesn't send data to database","function"
"Alternative to `tc` command or any api with `tc` functionality","function"
"The echo function in shell (zsh) and the capture of parentheses","function"
"virtual function calls in constructor and destructor","function"
"Possible to style the css3 resize function?","function"
"General function for opening ChildWinforms using reflection?","function"
"Composing lenses with Control.Lens where an intermediate function must be called","function"
"Javascript fat arrow functions vs Python lambda functions","function"
"How to use Mapper.Map with function?","function"
"Strange behavior of C abort function on mingw-w64","function"
"Change <audio> tag src by function","function"
"Calling a view function from render function","function"
"Is calling a function on a NULL pointer undefined?","function"
"Extract just the required functions from  a C code project?","function"
"Rails search functionality","function"
"How to return an argument to function passed as props from parents","function"
"Variadic functional wrapper doesn't compile with MSVC2017","function"
"How to perform mysql functions in Yii2 query?","function"
"MATLAB and SciPy give different results for 'buttord' function","function"
"How to use java objects from different schemas in a single function - Java","function"
"PHP mail function dosen't work","function"
"Php function to avoid a repeating code","function"
"PHP function to recognize the lowest of the 3 numbers and change its class?","function"
"perl floor function giving error undefined subroutine &main::floor","function"
"Passing Pameters into ActionResult function in ASP.NET","function"
"Where can I find the OnAfterRender function referenced in WebSharper code?","function"
"Controller function getting called twice using ng-show","function"
"Max execution time for function in python (flask)","function"
"AWS Elastic Map Reduce Hive running v0.5? missing functions: 'str_to_map' , 'reflect'","function"
"How to pass Python list to C function using Cython","function"
"Access module functions in Ruby","function"
"How to pass multiple parameters to selector function","function"
"Stop Javascript function execution upon a click event","function"
"Passing function 'a' to function 'b' and needing an argument list for 'a'.","function"
"PHP logical operators ""&&"" and ""||"" while building simple security function","function"
"Updater function syntax with React setState","function"
"Running the response of a jQuery .Ajax call (which is a string from a PHP file) as a javascript function","function"
"Clojure: def to Java static function","function"
"How do i generate a histogram for a given probability distribution (for functional testing a server)?","function"
"Reintroducing functions in Delphi","function"
"jqGrid custom edit rule function using Ajax displays ""Custom Function should return array!""","function"
"jQuery Sliders, how can i exclude 1 slider from a jQuery('.slider').each(function()","function"
"Multiple DialogFragments with different functionalities","function"
"Lambda function timing out after 10 seconds","function"
"Working with two jquery document.ready functions","function"
"Laravel 5.4 Vue.JS Failed to mount component: template or render function not defined","function"
"`module.exports = function` testability","function"
"Is default return variable of function always allocated?","function"
"Check if function returns true to execute another function","function"
"How to use group-by functionality from XSLT 2.0 in XSLT 1.0?","function"
"Tkinter - Changing label text via another function","function"
"Does Jersey 2.x API have one function that can execute flexible REST verbs (GET, POST)","function"
"Why is Jquery click function requiring 2 clicks","function"
"Debug MATLAB functions called from a JAVA program","function"
"Why does this extern ""C"" function not work using python ctypes?","function"
"multi statement table valued function","function"
"How to split string, apply function to every part and rejoin back without loops in .NET?","function"
"""print 1 to n"" function prints 1 twice","function"
"How do I call a JavaScript function from an erb template?","function"
"Getting real and imaginary parts of complex function in matlab","function"
"ScintillaNET lexer (XML) not functioning properly","function"
"How can I specify a type for a function argument without restricting its dimensions?","function"
"How to get HashTable with Selenium ExecuteScript function","function"
"Multiple database requests with one php function","function"
"Attaching a function to newly added javascript element","function"
"How to turn off visibility of X button and disable alt + F4 function","function"
"Queue/callback function after fetching data in an Observable in Angular 2","function"
"Passing Char Array into a function in C","function"
"Is there a way of control the wide and precision of a float in the printf() function in C?","function"
"How do I select an alternative member function implementation, depending on a template argument?","function"
"Cannot resolve corresponding JNI function with .so file","function"
"Return array in CLR function","function"
"clearTimeout doesn't work due to ajax jquery function, bootstrap modal event not handled","function"
"Incomprehensible work decorator function","function"
"C++ - passing parameter by reference in a function which returns int","function"
"bool function will not properly compare arrays","function"
"PHP function for adding sub-array to a multi-dim array","function"
"Is there an Objective-C property attribute that mimics the functionality of the __block keyword?","function"
"Swift: call generic function with Protocol instance","function"
"Why is it possible initialize java.util.function.Consumer with lambda that returns value?","function"
"Debugging haskell: Display a function's name at each call","function"
"How to avoid global variables in command function call","function"